{"type": "metrics", "dataset": "train", "precision": 0.6749435665914221, "balanced_accuracy": 0.6632206141843805, "recall": 0.3796825396825397, "f1_score": 0.48598130841121495}
{"type": "metrics", "dataset": "test", "precision": 0.6461538461538462, "balanced_accuracy": 0.6690548676231932, "recall": 0.39664218258132217, "f1_score": 0.49154746423927176}
{"type": "cm_matrix", "dataset": "train", "true_0": {"predicted_0": 15364, "predicted_1": 864}, "true_1": {"predicted_0": 2931, "predicted_1": 1794}}
{"type": "cm_matrix", "dataset": "test", "true_0": {"predicted_0": 6659, "predicted_1": 414}, "true_1": {"predicted_0": 1150, "predicted_1": 756}}
