{"type": "metrics", "dataset": "train", "precision": 0.9953322960657924, "balanced_accuracy": 0.9732154040374401, "recall": 0.9477248677248677, "f1_score": 0.9709453599306158}
{"type": "metrics", "dataset": "test", "precision": 0.7922077922077922, "balanced_accuracy": 0.5148710368516367, "recall": 0.032004197271773345, "f1_score": 0.061522945032778616}
{"type": "cm_matrix", "dataset": "train", "true_0": {"predicted_0": 16207, "predicted_1": 21}, "true_1": {"predicted_0": 247, "predicted_1": 4478}}
{"type": "cm_matrix", "dataset": "test", "true_0": {"predicted_0": 7057, "predicted_1": 16}, "true_1": {"predicted_0": 1845, "predicted_1": 61}}
